http://ai4labour.linkeddata.es/data/course/Universidad+Polit%C3%A9cnica+de+Madrid/103000345	http://data.europa.eu/esco/skill/0823ccef-813f-4f22-afef-ac0d68615e8f	computer simulation	http://data.europa.eu/esco/skill/3ce1fe19-7f9e-4070-941d-651673a5693b	decision support systems	http://data.europa.eu/esco/skill/0f9958d2-f700-4f62-b90b-a5873cb5ae4c	systems thinking
http://ai4labour.linkeddata.es/data/course/Universidad+Polit%C3%A9cnica+de+Madrid/103000346	http://data.europa.eu/esco/skill/696e3b5b-8b61-45af-ae4c-3ab700f197ec	information extraction	http://data.europa.eu/esco/skill/fff0e2cd-d0bd-4b02-9daf-158b79d9688a	natural language processing		
http://ai4labour.linkeddata.es/data/course/Universidad+Polit%C3%A9cnica+de+Madrid/103000357	http://data.europa.eu/esco/skill/3ce1fe19-7f9e-4070-941d-651673a5693b	decision support systems	http://data.europa.eu/esco/skill/df0612db-366c-4ff5-b106-40b9e385195c	utilise decision support system		
http://ai4labour.linkeddata.es/data/course/Universidad+Polit%C3%A9cnica+de+Madrid/103000358	http://data.europa.eu/esco/skill/3ce1fe19-7f9e-4070-941d-651673a5693b	decision support systems	http://data.europa.eu/esco/skill/0f9958d2-f700-4f62-b90b-a5873cb5ae4c	systems thinking	http://data.europa.eu/esco/skill/f2d57f41-43b4-4f5b-8100-3df5c21eda50	process data
http://ai4labour.linkeddata.es/data/course/Universidad+Polit%C3%A9cnica+de+Madrid/103000359	http://data.europa.eu/esco/skill/3a2d5b45-56e4-4f5a-a55a-4a4a65afdc43	machine learning	http://data.europa.eu/esco/skill/6b4f794c-062e-4e05-863a-ae1bad44f395	Monte Carlo simulation		
http://ai4labour.linkeddata.es/data/course/Universidad+Polit%C3%A9cnica+de+Madrid/103000360	http://data.europa.eu/esco/skill/3a2d5b45-56e4-4f5a-a55a-4a4a65afdc43	machine learning	http://data.europa.eu/esco/skill/25f0ea33-b4a2-4f31-b7b4-7d20e827b180	data mining		
http://ai4labour.linkeddata.es/data/course/Universidad+Polit%C3%A9cnica+de+Madrid/103000361	http://data.europa.eu/esco/skill/3a2d5b45-56e4-4f5a-a55a-4a4a65afdc43	machine learning	http://data.europa.eu/esco/skill/54924a2c-daca-40d3-9716-4b38ceb04f38	algorithms	http://data.europa.eu/esco/skill/e465a154-93f7-4973-9ce1-31659fe16dd2	principles of artificial intelligence
http://ai4labour.linkeddata.es/data/course/Universidad+Polit%C3%A9cnica+de+Madrid/103000362	http://data.europa.eu/esco/skill/3a2d5b45-56e4-4f5a-a55a-4a4a65afdc43	machine learning	http://data.europa.eu/esco/skill/5608d5a0-6d5e-43b7-be37-616501729bb4	artificial neural networks	http://data.europa.eu/esco/skill/54924a2c-daca-40d3-9716-4b38ceb04f38	algorithms
http://ai4labour.linkeddata.es/data/course/Universidad+Polit%C3%A9cnica+de+Madrid/103000363	http://data.europa.eu/esco/skill/e464363b-8346-421d-9035-52118b76d8c8	computational biology	http://data.europa.eu/esco/skill/54924a2c-daca-40d3-9716-4b38ceb04f38	algorithms	http://data.europa.eu/esco/skill/feb717ff-fba6-4a91-aa10-ee11cf2da6b4	design electronic systems
http://ai4labour.linkeddata.es/data/course/Universidad+Polit%C3%A9cnica+de+Madrid/103000364	http://data.europa.eu/esco/skill/2c4e11ef-da18-4e19-816b-e6bc19e12424	use logic programming	http://data.europa.eu/esco/skill/2bde42ae-e776-41c1-9ded-b07b30bfe985	Prolog (computer programming)	http://data.europa.eu/esco/skill/e465a154-93f7-4973-9ce1-31659fe16dd2	principles of artificial intelligence
http://ai4labour.linkeddata.es/data/course/Universidad+Polit%C3%A9cnica+de+Madrid/103000366	http://data.europa.eu/esco/skill/0f9958d2-f700-4f62-b90b-a5873cb5ae4c	systems thinking	http://data.europa.eu/esco/skill/0823ccef-813f-4f22-afef-ac0d68615e8f	computer simulation	http://data.europa.eu/esco/skill/e465a154-93f7-4973-9ce1-31659fe16dd2	principles of artificial intelligence
http://ai4labour.linkeddata.es/data/course/Universidad+Polit%C3%A9cnica+de+Madrid/103000367	http://data.europa.eu/esco/skill/4fea6307-bdc0-423d-ad63-c61755c14522	carry out bibliographic work				
http://ai4labour.linkeddata.es/data/course/Universidad+Polit%C3%A9cnica+de+Madrid/103000368	http://data.europa.eu/esco/skill/0823ccef-813f-4f22-afef-ac0d68615e8f	computer simulation	http://data.europa.eu/esco/skill/e465a154-93f7-4973-9ce1-31659fe16dd2	principles of artificial intelligence		
http://ai4labour.linkeddata.es/data/course/Universidad+Polit%C3%A9cnica+de+Madrid/103000369	http://data.europa.eu/esco/skill/7b0d5000-00da-4864-b776-6de49a87a669	computer vision	http://data.europa.eu/esco/skill/945b8655-5577-4c3a-946a-842d4527afa8	digital image processing	http://data.europa.eu/esco/skill/54924a2c-daca-40d3-9716-4b38ceb04f38	algorithms
http://ai4labour.linkeddata.es/data/course/Universidad+Polit%C3%A9cnica+de+Madrid/103000370	http://data.europa.eu/esco/skill/7b0d5000-00da-4864-b776-6de49a87a669	computer vision	http://data.europa.eu/esco/skill/7229b6dc-e2ef-44fe-b9a1-06b1c1075d8f	automatic control system		
http://ai4labour.linkeddata.es/data/course/Universidad+Polit%C3%A9cnica+de+Madrid/103000371						
http://ai4labour.linkeddata.es/data/course/Universidad+Polit%C3%A9cnica+de+Madrid/103000372	http://data.europa.eu/esco/skill/4fea6307-bdc0-423d-ad63-c61755c14522	carry out bibliographic work	http://data.europa.eu/esco/skill/4463a721-69f3-413d-8321-43e3af13a4f1	use databases	http://data.europa.eu/esco/skill/e465a154-93f7-4973-9ce1-31659fe16dd2	principles of artificial intelligence
http://ai4labour.linkeddata.es/data/course/Universidad+Polit%C3%A9cnica+de+Madrid/103000720						
http://ai4labour.linkeddata.es/data/course/Universidad+Polit%C3%A9cnica+de+Madrid/103000743	http://data.europa.eu/esco/skill/fff0e2cd-d0bd-4b02-9daf-158b79d9688a	natural language processing	http://data.europa.eu/esco/skill/5608d5a0-6d5e-43b7-be37-616501729bb4	artificial neural networks		
http://ai4labour.linkeddata.es/data/course/Universidad+Polit%C3%A9cnica+de+Madrid/103000815	http://data.europa.eu/esco/skill/5608d5a0-6d5e-43b7-be37-616501729bb4	artificial neural networks	http://data.europa.eu/esco/skill/3a2d5b45-56e4-4f5a-a55a-4a4a65afdc43	machine learning		
http://ai4labour.linkeddata.es/data/course/Universidad+Polit%C3%A9cnica+de+Madrid/103000818	http://data.europa.eu/esco/skill/143769cb-b61e-47d8-a61e-eedfbec1016c	business intelligence	http://data.europa.eu/esco/skill/0f9958d2-f700-4f62-b90b-a5873cb5ae4c	systems thinking	http://data.europa.eu/esco/skill/42fcf80d-7b45-40f3-bd2f-5411c4c0dfa0	identify technological needs
http://ai4labour.linkeddata.es/data/course/Universidad+Polit%C3%A9cnica+de+Madrid/103000819	http://data.europa.eu/esco/skill/42fcf80d-7b45-40f3-bd2f-5411c4c0dfa0	identify technological needs				
http://ai4labour.linkeddata.es/data/course/Universidad+Polit%C3%A9cnica+de+Madrid/103000820						
http://ai4labour.linkeddata.es/data/course/Universidad+Polit%C3%A9cnica+de+Madrid/103000821	http://data.europa.eu/esco/skill/51b18096-85e6-425b-bb15-03a74eeda0dc	identify market requirements for ICT documentation				
http://ai4labour.linkeddata.es/data/course/Universidad+Polit%C3%A9cnica+de+Madrid/103000822	http://data.europa.eu/esco/skill/42fcf80d-7b45-40f3-bd2f-5411c4c0dfa0	identify technological needs	http://data.europa.eu/esco/skill/94dd823c-148e-4614-a6e8-99249b16357d	ICT project management		
http://ai4labour.linkeddata.es/data/course/Universidad+Polit%C3%A9cnica+de+Madrid/103000823	http://data.europa.eu/esco/skill/07e51c60-763a-4335-b4ec-70a15f66d328	propose ICT solutions to business problems	http://data.europa.eu/esco/skill/2b92a5b2-6758-4ee3-9fb4-b6387a55cc8f	perform data analysis	http://data.europa.eu/esco/skill/98a1dec3-8138-4f46-a596-5e2a83b884b9	business analytics
http://ai4labour.linkeddata.es/data/course/Universidad+Polit%C3%A9cnica+de+Madrid/103000824	http://data.europa.eu/esco/skill/ddfe79e2-c2e3-4ba7-9bdf-3820b4f75b54	identify ICT user needs	http://data.europa.eu/esco/skill/eb2ae1c7-ba57-4695-8f29-9dd41c26e01e	develop online sales business plan	http://data.europa.eu/esco/skill/94dd823c-148e-4614-a6e8-99249b16357d	ICT project management
http://ai4labour.linkeddata.es/data/course/Universidad+Polit%C3%A9cnica+de+Madrid/103000825	http://data.europa.eu/esco/skill/2b92a5b2-6758-4ee3-9fb4-b6387a55cc8f	perform data analysis	http://data.europa.eu/esco/skill/382c11ed-20d5-4ae7-b60e-15fec527fa6c	apply statistical analysis techniques	http://data.europa.eu/esco/skill/3e2ab38a-4519-4bef-b762-a8bf4836a775	perform dimensionality reduction
http://ai4labour.linkeddata.es/data/course/Universidad+Polit%C3%A9cnica+de+Madrid/103000826	http://data.europa.eu/esco/skill/3a2d5b45-56e4-4f5a-a55a-4a4a65afdc43	machine learning	http://data.europa.eu/esco/skill/3e2ab38a-4519-4bef-b762-a8bf4836a775	perform dimensionality reduction	http://data.europa.eu/esco/skill/edebd83d-35f6-4ed5-a940-6c203d178c01	data science
http://ai4labour.linkeddata.es/data/course/Universidad+Polit%C3%A9cnica+de+Madrid/103000827	http://data.europa.eu/esco/skill/edebd83d-35f6-4ed5-a940-6c203d178c01	data science	http://data.europa.eu/esco/skill/97bd1c21-66b2-4b7e-ad0f-e3cda590e378	data analytics	http://data.europa.eu/esco/skill/9effa3d7-c0c4-4583-ad94-b496ba5e5f2c	data mining methods
http://ai4labour.linkeddata.es/data/course/Universidad+Polit%C3%A9cnica+de+Madrid/103000828	http://data.europa.eu/esco/skill/5608d5a0-6d5e-43b7-be37-616501729bb4	artificial neural networks				
http://ai4labour.linkeddata.es/data/course/Universidad+Polit%C3%A9cnica+de+Madrid/103000829						
http://ai4labour.linkeddata.es/data/course/Universidad+Polit%C3%A9cnica+de+Madrid/103000830	http://data.europa.eu/esco/skill/97bd1c21-66b2-4b7e-ad0f-e3cda590e378	data analytics	http://data.europa.eu/esco/skill/3a2d5b45-56e4-4f5a-a55a-4a4a65afdc43	machine learning		
http://ai4labour.linkeddata.es/data/course/Universidad+Polit%C3%A9cnica+de+Madrid/103000831						
http://ai4labour.linkeddata.es/data/course/Universidad+Polit%C3%A9cnica+de+Madrid/103000832	http://data.europa.eu/esco/skill/f2d57f41-43b4-4f5b-8100-3df5c21eda50	process data	http://data.europa.eu/esco/skill/47a49cd6-097d-457a-9f7b-c290c14930d5	analyse big data	http://data.europa.eu/esco/skill/897b393f-e7e0-4248-a40d-d77119694e83	distributed computing
http://ai4labour.linkeddata.es/data/course/Universidad+Polit%C3%A9cnica+de+Madrid/103000833						
http://ai4labour.linkeddata.es/data/course/Universidad+Polit%C3%A9cnica+de+Madrid/103000834	http://data.europa.eu/esco/skill/25f0ea33-b4a2-4f31-b7b4-7d20e827b180	data mining	http://data.europa.eu/esco/skill/edebd83d-35f6-4ed5-a940-6c203d178c01	data science	http://data.europa.eu/esco/skill/ccd0a1d9-afda-43d9-b901-96344886e14d	Python (computer programming)
http://ai4labour.linkeddata.es/data/course/Universidad+Polit%C3%A9cnica+de+Madrid/103000835	http://data.europa.eu/esco/skill/d3e9b00a-0891-4fa8-836d-8240ec3d2758	GDPR	http://data.europa.eu/esco/skill/e465a154-93f7-4973-9ce1-31659fe16dd2	principles of artificial intelligence	http://data.europa.eu/esco/skill/d83e8dbd-257b-4aa9-abb5-e65924eb1797	ethics of sharing work through social media
http://ai4labour.linkeddata.es/data/course/Universidad+Polit%C3%A9cnica+de+Madrid/103000836	http://data.europa.eu/esco/skill/38da3c60-4b7c-4698-9256-574e4ee4e93b	knowledge base				
http://ai4labour.linkeddata.es/data/course/Universidad+Polit%C3%A9cnica+de+Madrid/103000837						
http://ai4labour.linkeddata.es/data/course/Universidad+Polit%C3%A9cnica+de+Madrid/103000838	http://data.europa.eu/esco/skill/25f0ea33-b4a2-4f31-b7b4-7d20e827b180	data mining	http://data.europa.eu/esco/skill/b21e2984-c6b2-4352-bbe8-8f3b03bd50f6	medical informatics	http://data.europa.eu/esco/skill/f2d57f41-43b4-4f5b-8100-3df5c21eda50	process data
http://ai4labour.linkeddata.es/data/course/Universidad+Polit%C3%A9cnica+de+Madrid/103000839	http://data.europa.eu/esco/skill/25f0ea33-b4a2-4f31-b7b4-7d20e827b180	data mining	http://data.europa.eu/esco/skill/99814cb0-5f6c-4663-99a4-af28b11d5d2f	healthcare data systems	http://data.europa.eu/esco/skill/c5e8abde-d2ba-4e8e-a65e-720b71180666	unstructured data
http://ai4labour.linkeddata.es/data/course/Universidad+Polit%C3%A9cnica+de+Madrid/103000840	http://data.europa.eu/esco/skill/16636767-c215-4cf0-b126-e144fea20926	use e-health and mobile health technologies	http://data.europa.eu/esco/skill/85a67bc3-708c-4eab-86f6-4529d01d12a6	contribute to development of biometric systems	http://data.europa.eu/esco/skill/f049d050-12da-4e40-813a-2b5eb6df6b51	Internet of Things
http://ai4labour.linkeddata.es/data/course/Universidad+Polit%C3%A9cnica+de+Madrid/103000891	http://data.europa.eu/esco/skill/08b04e53-ed25-41a2-9f90-0b9cd939ba3d	manage research data	http://data.europa.eu/esco/skill/c3e36d05-8ae8-447f-bb2b-6f9409f85389	deliver visual presentation of data	http://data.europa.eu/esco/skill/94dd823c-148e-4614-a6e8-99249b16357d	ICT project management
http://ai4labour.linkeddata.es/data/course/Universidad+Polit%C3%A9cnica+de+Madrid/103000892	http://data.europa.eu/esco/skill/65e58886-bd1e-4c5b-8ca5-8d9b353c8aa1	data visualisation software	http://data.europa.eu/esco/skill/348b74cd-49ce-4844-8bdf-ec188b497213	visual presentation techniques	http://data.europa.eu/esco/skill/c0326e27-5fa8-4dca-aecb-ed89ab491513	prepare visual data
http://ai4labour.linkeddata.es/data/course/Universidad+Polit%C3%A9cnica+de+Madrid/103000893	http://data.europa.eu/esco/skill/47a49cd6-097d-457a-9f7b-c290c14930d5	analyse big data	http://data.europa.eu/esco/skill/5b26f08b-88bc-45f0-b901-530d7786466b	scientific computing	http://data.europa.eu/esco/skill/897b393f-e7e0-4248-a40d-d77119694e83	distributed computing
http://ai4labour.linkeddata.es/data/course/Universidad+Polit%C3%A9cnica+de+Madrid/103000895	http://data.europa.eu/esco/skill/21d2f96d-35f7-4e3f-9745-c533d2dd6e97	computer programming	http://data.europa.eu/esco/skill/edebd83d-35f6-4ed5-a940-6c203d178c01	data science	http://data.europa.eu/esco/skill/f2d57f41-43b4-4f5b-8100-3df5c21eda50	process data
http://ai4labour.linkeddata.es/data/course/Universidad+Polit%C3%A9cnica+de+Madrid/103000896	http://data.europa.eu/esco/skill/2b92a5b2-6758-4ee3-9fb4-b6387a55cc8f	perform data analysis	http://data.europa.eu/esco/skill/382c11ed-20d5-4ae7-b60e-15fec527fa6c	apply statistical analysis techniques	http://data.europa.eu/esco/skill/3e2ab38a-4519-4bef-b762-a8bf4836a775	perform dimensionality reduction
http://ai4labour.linkeddata.es/data/course/Universidad+Polit%C3%A9cnica+de+Madrid/103000900	http://data.europa.eu/esco/skill/a4346013-a967-4a58-a533-6b32ad1364c5	data protection	http://data.europa.eu/esco/skill/d3e9b00a-0891-4fa8-836d-8240ec3d2758	GDPR	http://data.europa.eu/esco/skill/e465a154-93f7-4973-9ce1-31659fe16dd2	principles of artificial intelligence
http://ai4labour.linkeddata.es/data/course/Universidad+Polit%C3%A9cnica+de+Madrid/103000901	http://data.europa.eu/esco/skill/696e3b5b-8b61-45af-ae4c-3ab700f197ec	information extraction	http://data.europa.eu/esco/skill/8369c2d6-c100-4cf6-bd83-9668d8678433	utilise machine learning		
http://ai4labour.linkeddata.es/data/course/Universidad+Polit%C3%A9cnica+de+Madrid/103000903	http://data.europa.eu/esco/skill/edebd83d-35f6-4ed5-a940-6c203d178c01	data science	http://data.europa.eu/esco/skill/02058de6-4b98-449f-8a45-8588b0eb2446	network engineering	http://data.europa.eu/esco/skill/3a2d5b45-56e4-4f5a-a55a-4a4a65afdc43	machine learning
http://ai4labour.linkeddata.es/data/course/Universidad+Polit%C3%A9cnica+de+Madrid/103000904	http://data.europa.eu/esco/skill/38da3c60-4b7c-4698-9256-574e4ee4e93b	knowledge base	http://data.europa.eu/esco/skill/25f0ea33-b4a2-4f31-b7b4-7d20e827b180	data mining		
http://ai4labour.linkeddata.es/data/course/Universidad+Polit%C3%A9cnica+de+Madrid/103000905	http://data.europa.eu/esco/skill/21d2f96d-35f7-4e3f-9745-c533d2dd6e97	computer programming	http://data.europa.eu/esco/skill/edebd83d-35f6-4ed5-a940-6c203d178c01	data science	http://data.europa.eu/esco/skill/8b94aa1e-89c9-459d-b3b4-1dfab8dec2df	use software libraries
http://ai4labour.linkeddata.es/data/course/Universidad+Polit%C3%A9cnica+de+Madrid/103000906	http://data.europa.eu/esco/skill/945b8655-5577-4c3a-946a-842d4527afa8	digital image processing	http://data.europa.eu/esco/skill/7b0d5000-00da-4864-b776-6de49a87a669	computer vision	http://data.europa.eu/esco/skill/edebd83d-35f6-4ed5-a940-6c203d178c01	data science
http://ai4labour.linkeddata.es/data/course/Universidad+Polit%C3%A9cnica+de+Madrid/103000907	http://data.europa.eu/esco/skill/9effa3d7-c0c4-4583-ad94-b496ba5e5f2c	data mining methods				
http://ai4labour.linkeddata.es/data/course/Universidad+Polit%C3%A9cnica+de+Madrid/103000908	http://data.europa.eu/esco/skill/edebd83d-35f6-4ed5-a940-6c203d178c01	data science	http://data.europa.eu/esco/skill/47a49cd6-097d-457a-9f7b-c290c14930d5	analyse big data		
http://ai4labour.linkeddata.es/data/course/Universidad+Polit%C3%A9cnica+de+Madrid/105001001	http://data.europa.eu/esco/skill/db77825e-0f3e-47d0-abdb-356794484272	use mathematical tools and equipment	http://data.europa.eu/esco/skill/382c11ed-20d5-4ae7-b60e-15fec527fa6c	apply statistical analysis techniques	http://data.europa.eu/esco/skill/54924a2c-daca-40d3-9716-4b38ceb04f38	algorithms
http://ai4labour.linkeddata.es/data/course/Universidad+Polit%C3%A9cnica+de+Madrid/105001002	http://data.europa.eu/esco/skill/db77825e-0f3e-47d0-abdb-356794484272	use mathematical tools and equipment	http://data.europa.eu/esco/skill/6360a934-cc87-4954-9656-b32db20592e3	quantitative analysis		
http://ai4labour.linkeddata.es/data/course/Universidad+Polit%C3%A9cnica+de+Madrid/105001003						
http://ai4labour.linkeddata.es/data/course/Universidad+Polit%C3%A9cnica+de+Madrid/105001004	http://data.europa.eu/esco/skill/2c4e11ef-da18-4e19-816b-e6bc19e12424	use logic programming	http://data.europa.eu/esco/skill/54924a2c-daca-40d3-9716-4b38ceb04f38	algorithms	http://data.europa.eu/esco/skill/e465a154-93f7-4973-9ce1-31659fe16dd2	principles of artificial intelligence
http://ai4labour.linkeddata.es/data/course/Universidad+Polit%C3%A9cnica+de+Madrid/105001005	http://data.europa.eu/esco/skill/21d2f96d-35f7-4e3f-9745-c533d2dd6e97	computer programming	http://data.europa.eu/esco/skill/54924a2c-daca-40d3-9716-4b38ceb04f38	algorithms		
http://ai4labour.linkeddata.es/data/course/Universidad+Polit%C3%A9cnica+de+Madrid/105001006	http://data.europa.eu/esco/skill/382c11ed-20d5-4ae7-b60e-15fec527fa6c	apply statistical analysis techniques	http://data.europa.eu/esco/skill/6360a934-cc87-4954-9656-b32db20592e3	quantitative analysis	http://data.europa.eu/esco/skill/97bd1c21-66b2-4b7e-ad0f-e3cda590e378	data analytics
http://ai4labour.linkeddata.es/data/course/Universidad+Polit%C3%A9cnica+de+Madrid/105001007	http://data.europa.eu/esco/skill/db77825e-0f3e-47d0-abdb-356794484272	use mathematical tools and equipment	http://data.europa.eu/esco/skill/6360a934-cc87-4954-9656-b32db20592e3	quantitative analysis		
http://ai4labour.linkeddata.es/data/course/Universidad+Polit%C3%A9cnica+de+Madrid/105001008	http://data.europa.eu/esco/skill/54924a2c-daca-40d3-9716-4b38ceb04f38	algorithms	http://data.europa.eu/esco/skill/5b9cde20-f1b9-4adc-bfb3-dbf70b14138d	use object-oriented programming	http://data.europa.eu/esco/skill/ccd0a1d9-afda-43d9-b901-96344886e14d	Python (computer programming)
http://ai4labour.linkeddata.es/data/course/Universidad+Polit%C3%A9cnica+de+Madrid/105001009	http://data.europa.eu/esco/skill/4b51e76e-9e8a-455f-a289-5b48246345c4	hardware components	http://data.europa.eu/esco/skill/f9a6f35b-01a7-40c9-8b61-b6ee46f97272	operating systems	http://data.europa.eu/esco/skill/e043aeeb-78f5-4049-afbf-12bba52225bc	hardware architectures
http://ai4labour.linkeddata.es/data/course/Universidad+Polit%C3%A9cnica+de+Madrid/105001010	http://data.europa.eu/esco/skill/54924a2c-daca-40d3-9716-4b38ceb04f38	algorithms	http://data.europa.eu/esco/skill/0f9958d2-f700-4f62-b90b-a5873cb5ae4c	systems thinking	http://data.europa.eu/esco/skill/db77825e-0f3e-47d0-abdb-356794484272	use mathematical tools and equipment
http://ai4labour.linkeddata.es/data/course/Universidad+Polit%C3%A9cnica+de+Madrid/105001011	http://data.europa.eu/esco/skill/54924a2c-daca-40d3-9716-4b38ceb04f38	algorithms	http://data.europa.eu/esco/skill/5b26f08b-88bc-45f0-b901-530d7786466b	scientific computing	http://data.europa.eu/esco/skill/c3a03c5a-c260-4c26-9b9a-873abb396f4d	MATLAB
http://ai4labour.linkeddata.es/data/course/Universidad+Polit%C3%A9cnica+de+Madrid/105001012						
http://ai4labour.linkeddata.es/data/course/Universidad+Polit%C3%A9cnica+de+Madrid/105001013	http://data.europa.eu/esco/skill/5608d5a0-6d5e-43b7-be37-616501729bb4	artificial neural networks	http://data.europa.eu/esco/skill/54924a2c-daca-40d3-9716-4b38ceb04f38	algorithms	http://data.europa.eu/esco/skill/e465a154-93f7-4973-9ce1-31659fe16dd2	principles of artificial intelligence
http://ai4labour.linkeddata.es/data/course/Universidad+Polit%C3%A9cnica+de+Madrid/105001014	http://data.europa.eu/esco/skill/fff0e2cd-d0bd-4b02-9daf-158b79d9688a	natural language processing	http://data.europa.eu/esco/skill/25f0ea33-b4a2-4f31-b7b4-7d20e827b180	data mining	http://data.europa.eu/esco/skill/51586df8-1c46-4b47-8583-773cb63bf00b	R
http://ai4labour.linkeddata.es/data/course/Universidad+Polit%C3%A9cnica+de+Madrid/105001015	http://data.europa.eu/esco/skill/0af062de-eb43-41e9-9b96-249e2cd22d26	use markup languages	http://data.europa.eu/esco/skill/5da8018b-ae85-4cde-ad93-0394369018f3	SPARQL	http://data.europa.eu/esco/skill/fbafa41f-cd05-4109-a649-8b44d306d779	create data models
http://ai4labour.linkeddata.es/data/course/Universidad+Polit%C3%A9cnica+de+Madrid/105001016	http://data.europa.eu/esco/skill/edebd83d-35f6-4ed5-a940-6c203d178c01	data science	http://data.europa.eu/esco/skill/8b94aa1e-89c9-459d-b3b4-1dfab8dec2df	use software libraries		
http://ai4labour.linkeddata.es/data/course/Universidad+Polit%C3%A9cnica+de+Madrid/105001017	http://data.europa.eu/esco/skill/98a1dec3-8138-4f46-a596-5e2a83b884b9	business analytics	http://data.europa.eu/esco/skill/d5a59ca8-2e91-472e-8571-d12ce4478679	Process-based management	http://data.europa.eu/esco/skill/ccdbd9bb-4faf-403c-a968-e8bf487f8a53	business ICT systems
http://ai4labour.linkeddata.es/data/course/Universidad+Polit%C3%A9cnica+de+Madrid/105001018	http://data.europa.eu/esco/skill/2b92a5b2-6758-4ee3-9fb4-b6387a55cc8f	perform data analysis	http://data.europa.eu/esco/skill/ad59afe4-6f8a-4bc4-acfd-0f228277508a	statistical analysis system software	http://data.europa.eu/esco/skill/6360a934-cc87-4954-9656-b32db20592e3	quantitative analysis
http://ai4labour.linkeddata.es/data/course/Universidad+Polit%C3%A9cnica+de+Madrid/105001019	http://data.europa.eu/esco/skill/cfa2be0d-96d5-4017-a866-962efb9c5070	signal processing	http://data.europa.eu/esco/skill/c3a03c5a-c260-4c26-9b9a-873abb396f4d	MATLAB	http://data.europa.eu/esco/skill/54924a2c-daca-40d3-9716-4b38ceb04f38	algorithms
http://ai4labour.linkeddata.es/data/course/Universidad+Polit%C3%A9cnica+de+Madrid/105001020	http://data.europa.eu/esco/skill/29fb0fb5-dfc4-4098-ac9b-3a712000f48f	manage database	http://data.europa.eu/esco/skill/598de5b0-5b58-4ea7-8058-a4bc4d18c742	SQL	http://data.europa.eu/esco/skill/ec85cc63-4e24-4631-bf92-8789db2605c0	maintain database security
http://ai4labour.linkeddata.es/data/course/Universidad+Polit%C3%A9cnica+de+Madrid/105001021	http://data.europa.eu/esco/skill/54924a2c-daca-40d3-9716-4b38ceb04f38	algorithms	http://data.europa.eu/esco/skill/d32db06e-bd06-4415-a7ab-1b0ee68caa9a	ICT encryption	http://data.europa.eu/esco/skill/8088750d-8388-4170-a76f-48354c469c44	cyber security
http://ai4labour.linkeddata.es/data/course/Universidad+Polit%C3%A9cnica+de+Madrid/105001022	http://data.europa.eu/esco/skill/33a82b83-c838-4889-ae62-fae1317481eb	protect personal data and privacy	http://data.europa.eu/esco/skill/d3e9b00a-0891-4fa8-836d-8240ec3d2758	GDPR	http://data.europa.eu/esco/skill/7814e88f-c133-4c3b-b27f-857afa145d42	ICT security legislation
http://ai4labour.linkeddata.es/data/course/Universidad+Polit%C3%A9cnica+de+Madrid/105001023	http://data.europa.eu/esco/skill/0823ccef-813f-4f22-afef-ac0d68615e8f	computer simulation	http://data.europa.eu/esco/skill/0f9958d2-f700-4f62-b90b-a5873cb5ae4c	systems thinking	http://data.europa.eu/esco/skill/e465a154-93f7-4973-9ce1-31659fe16dd2	principles of artificial intelligence
http://ai4labour.linkeddata.es/data/course/Universidad+Polit%C3%A9cnica+de+Madrid/105001024	http://data.europa.eu/esco/skill/4503c65f-2bd0-4aa5-91cd-4188c7e5e31b	supercomputing	http://data.europa.eu/esco/skill/897b393f-e7e0-4248-a40d-d77119694e83	distributed computing	http://data.europa.eu/esco/skill/47a49cd6-097d-457a-9f7b-c290c14930d5	analyse big data
http://ai4labour.linkeddata.es/data/course/Universidad+Polit%C3%A9cnica+de+Madrid/105001025	http://data.europa.eu/esco/skill/6195c5f7-a4fb-425d-a3dd-c4467c4471a3	deploy cloud resource	http://data.europa.eu/esco/skill/6b643893-0a1f-4f6c-83a1-e7eef75849b9	develop with cloud services	http://data.europa.eu/esco/skill/bd14968e-e409-45af-b362-3495ed7b10e0	cloud technologies
http://ai4labour.linkeddata.es/data/course/Universidad+Polit%C3%A9cnica+de+Madrid/105001026	http://data.europa.eu/esco/skill/3ce1fe19-7f9e-4070-941d-651673a5693b	decision support systems	http://data.europa.eu/esco/skill/54924a2c-daca-40d3-9716-4b38ceb04f38	algorithms	http://data.europa.eu/esco/skill/ccd0a1d9-afda-43d9-b901-96344886e14d	Python (computer programming)
http://ai4labour.linkeddata.es/data/course/Universidad+Polit%C3%A9cnica+de+Madrid/105001027	http://data.europa.eu/esco/skill/3a2d5b45-56e4-4f5a-a55a-4a4a65afdc43	machine learning	http://data.europa.eu/esco/skill/54924a2c-daca-40d3-9716-4b38ceb04f38	algorithms	http://data.europa.eu/esco/skill/25f0ea33-b4a2-4f31-b7b4-7d20e827b180	data mining
http://ai4labour.linkeddata.es/data/course/Universidad+Polit%C3%A9cnica+de+Madrid/105001028	http://data.europa.eu/esco/skill/45f1ae17-c20d-40fc-9307-7d33b6ca9213	image recognition	http://data.europa.eu/esco/skill/7b0d5000-00da-4864-b776-6de49a87a669	computer vision	http://data.europa.eu/esco/skill/8b94aa1e-89c9-459d-b3b4-1dfab8dec2df	use software libraries
http://ai4labour.linkeddata.es/data/course/Universidad+Polit%C3%A9cnica+de+Madrid/105001029	http://data.europa.eu/esco/skill/2b92a5b2-6758-4ee3-9fb4-b6387a55cc8f	perform data analysis	http://data.europa.eu/esco/skill/382c11ed-20d5-4ae7-b60e-15fec527fa6c	apply statistical analysis techniques	http://data.europa.eu/esco/skill/3e2ab38a-4519-4bef-b762-a8bf4836a775	perform dimensionality reduction
http://ai4labour.linkeddata.es/data/course/Universidad+Polit%C3%A9cnica+de+Madrid/105001030	http://data.europa.eu/esco/skill/29fb0fb5-dfc4-4098-ac9b-3a712000f48f	manage database	http://data.europa.eu/esco/skill/76ef6ed3-1658-4a1a-9593-204d799c6d0c	NoSQL	http://data.europa.eu/esco/skill/ab1e97ed-2319-4293-a8b7-072d2648822f	database management systems
http://ai4labour.linkeddata.es/data/course/Universidad+Polit%C3%A9cnica+de+Madrid/105001031	http://data.europa.eu/esco/skill/76ef6ed3-1658-4a1a-9593-204d799c6d0c	NoSQL	http://data.europa.eu/esco/skill/897b393f-e7e0-4248-a40d-d77119694e83	distributed computing	http://data.europa.eu/esco/skill/48db96bf-3314-45c6-bad8-fdb6e20e5639	data engineering
http://ai4labour.linkeddata.es/data/course/Universidad+Polit%C3%A9cnica+de+Madrid/105001032	http://data.europa.eu/esco/skill/65e58886-bd1e-4c5b-8ca5-8d9b353c8aa1	data visualisation software	http://data.europa.eu/esco/skill/348b74cd-49ce-4844-8bdf-ec188b497213	visual presentation techniques	http://data.europa.eu/esco/skill/c0326e27-5fa8-4dca-aecb-ed89ab491513	prepare visual data
http://ai4labour.linkeddata.es/data/course/Universidad+Polit%C3%A9cnica+de+Madrid/105001033	http://data.europa.eu/esco/skill/3a2d5b45-56e4-4f5a-a55a-4a4a65afdc43	machine learning				
http://ai4labour.linkeddata.es/data/course/Universidad+Polit%C3%A9cnica+de+Madrid/105001034	http://data.europa.eu/esco/skill/e87ec79a-c9ff-46f5-84fa-7a0f394cdf40	robotics	http://data.europa.eu/esco/skill/7b0d5000-00da-4864-b776-6de49a87a669	computer vision		
http://ai4labour.linkeddata.es/data/course/Universidad+Polit%C3%A9cnica+de+Madrid/105001035	http://data.europa.eu/esco/skill/25f0ea33-b4a2-4f31-b7b4-7d20e827b180	data mining	http://data.europa.eu/esco/skill/3a2d5b45-56e4-4f5a-a55a-4a4a65afdc43	machine learning		
http://ai4labour.linkeddata.es/data/course/Universidad+Polit%C3%A9cnica+de+Madrid/105001036	http://data.europa.eu/esco/skill/2180bd8c-86de-4889-8165-adac902eee9d	embedded systems				
http://ai4labour.linkeddata.es/data/course/Universidad+Polit%C3%A9cnica+de+Madrid/105001037	http://data.europa.eu/esco/skill/945b8655-5577-4c3a-946a-842d4527afa8	digital image processing	http://data.europa.eu/esco/skill/7b0d5000-00da-4864-b776-6de49a87a669	computer vision	http://data.europa.eu/esco/skill/54924a2c-daca-40d3-9716-4b38ceb04f38	algorithms
http://ai4labour.linkeddata.es/data/course/Universidad+Polit%C3%A9cnica+de+Madrid/105001039	http://data.europa.eu/esco/skill/edebd83d-35f6-4ed5-a940-6c203d178c01	data science	http://data.europa.eu/esco/skill/3a2d5b45-56e4-4f5a-a55a-4a4a65afdc43	machine learning	http://data.europa.eu/esco/skill/94dd823c-148e-4614-a6e8-99249b16357d	ICT project management
http://ai4labour.linkeddata.es/data/course/Universidad+Polit%C3%A9cnica+de+Madrid/105001040	http://data.europa.eu/esco/skill/c8fa4313-80b0-4f37-8b1b-1739707bc362	teach digital literacy	http://data.europa.eu/esco/skill/d822b4b2-26c7-4bd9-970d-229c6504f615	create digital content	http://data.europa.eu/esco/skill/4fea6307-bdc0-423d-ad63-c61755c14522	carry out bibliographic work
http://ai4labour.linkeddata.es/data/course/Universidad+Polit%C3%A9cnica+de+Madrid/105001047	http://data.europa.eu/esco/skill/25f0ea33-b4a2-4f31-b7b4-7d20e827b180	data mining	http://data.europa.eu/esco/skill/3a2d5b45-56e4-4f5a-a55a-4a4a65afdc43	machine learning	http://data.europa.eu/esco/skill/edebd83d-35f6-4ed5-a940-6c203d178c01	data science
http://ai4labour.linkeddata.es/data/course/Universidad+Polit%C3%A9cnica+de+Madrid/105001048	http://data.europa.eu/esco/skill/4fea6307-bdc0-423d-ad63-c61755c14522	carry out bibliographic work	http://data.europa.eu/esco/skill/81633a44-f1db-4a01-a940-804c6905e330	use word processing software	http://data.europa.eu/esco/skill/ba93b71b-c433-4a01-8246-ed2daa85a9a2	conduct web searches
http://ai4labour.linkeddata.es/data/course/Universidad+Polit%C3%A9cnica+de+Madrid/105001049	http://data.europa.eu/esco/skill/5608d5a0-6d5e-43b7-be37-616501729bb4	artificial neural networks				
http://ai4labour.linkeddata.es/data/course/Universidad+Polit%C3%A9cnica+de+Madrid/105001050	http://data.europa.eu/esco/skill/0823ccef-813f-4f22-afef-ac0d68615e8f	computer simulation	http://data.europa.eu/esco/skill/5b26f08b-88bc-45f0-b901-530d7786466b	scientific computing	http://data.europa.eu/esco/skill/ccd0a1d9-afda-43d9-b901-96344886e14d	Python (computer programming)
http://ai4labour.linkeddata.es/data/course/Universidad+Polit%C3%A9cnica+de+Madrid/105001053	http://data.europa.eu/esco/skill/4fea6307-bdc0-423d-ad63-c61755c14522	carry out bibliographic work	http://data.europa.eu/esco/skill/81633a44-f1db-4a01-a940-804c6905e330	use word processing software		
http://ai4labour.linkeddata.es/data/course/Universidad+Polit%C3%A9cnica+de+Madrid/105001054	http://data.europa.eu/esco/skill/3a2d5b45-56e4-4f5a-a55a-4a4a65afdc43	machine learning				
http://ai4labour.linkeddata.es/data/course/Universidad+Polit%C3%A9cnica+de+Madrid/105001055	http://data.europa.eu/esco/skill/4f5c1208-62fd-4e5a-a51e-306c06947e11	manage findable accessible interoperable and reusable data	http://data.europa.eu/esco/skill/8696aff0-18c0-4ba6-a4d0-9a21861b3e5e	World Wide Web Consortium standards	http://data.europa.eu/esco/skill/fecf8a0d-62c4-4e71-9b03-0f4fc2ad7bf5	data models
http://ai4labour.linkeddata.es/data/course/Universidad+Polit%C3%A9cnica+de+Madrid/105000350	http://data.europa.eu/esco/skill/db77825e-0f3e-47d0-abdb-356794484272	use mathematical tools and equipment	http://data.europa.eu/esco/skill/fecf8a0d-62c4-4e71-9b03-0f4fc2ad7bf5	data models	http://data.europa.eu/esco/skill/382c11ed-20d5-4ae7-b60e-15fec527fa6c	apply statistical analysis techniques
http://ai4labour.linkeddata.es/data/course/Universidad+Polit%C3%A9cnica+de+Madrid/105000351	http://data.europa.eu/esco/skill/2c4e11ef-da18-4e19-816b-e6bc19e12424	use logic programming	http://data.europa.eu/esco/skill/54924a2c-daca-40d3-9716-4b38ceb04f38	algorithms	http://data.europa.eu/esco/skill/db77825e-0f3e-47d0-abdb-356794484272	use mathematical tools and equipment
http://ai4labour.linkeddata.es/data/course/Universidad+Polit%C3%A9cnica+de+Madrid/105000352	http://data.europa.eu/esco/skill/21d2f96d-35f7-4e3f-9745-c533d2dd6e97	computer programming	http://data.europa.eu/esco/skill/54924a2c-daca-40d3-9716-4b38ceb04f38	algorithms		
http://ai4labour.linkeddata.es/data/course/Universidad+Polit%C3%A9cnica+de+Madrid/105000353	http://data.europa.eu/esco/skill/143769cb-b61e-47d8-a61e-eedfbec1016c	business intelligence	http://data.europa.eu/esco/skill/9ff9db9d-d14b-426e-83f3-e7449af6c79f	manage data	http://data.europa.eu/esco/skill/97bd1c21-66b2-4b7e-ad0f-e3cda590e378	data analytics
http://ai4labour.linkeddata.es/data/course/Universidad+Polit%C3%A9cnica+de+Madrid/105000356	http://data.europa.eu/esco/skill/9136cbf1-7916-4f1c-bc9a-0318ee1d6016	human-computer interaction	http://data.europa.eu/esco/skill/88b9ac3d-1c1d-44d1-9584-c4f5dd2503b3	improve user-friendliness	http://data.europa.eu/esco/skill/ed1d8bd4-cd2a-4c64-b665-56d70651026c	Prototyping development
http://ai4labour.linkeddata.es/data/course/Universidad+Polit%C3%A9cnica+de+Madrid/105000357	http://data.europa.eu/esco/skill/54924a2c-daca-40d3-9716-4b38ceb04f38	algorithms	http://data.europa.eu/esco/skill/db77825e-0f3e-47d0-abdb-356794484272	use mathematical tools and equipment		
http://ai4labour.linkeddata.es/data/course/Universidad+Polit%C3%A9cnica+de+Madrid/105000358	http://data.europa.eu/esco/skill/19a8293b-8e95-4de3-983f-77484079c389	Java (computer programming)	http://data.europa.eu/esco/skill/5b9cde20-f1b9-4adc-bfb3-dbf70b14138d	use object-oriented programming	http://data.europa.eu/esco/skill/8b94aa1e-89c9-459d-b3b4-1dfab8dec2df	use software libraries
http://ai4labour.linkeddata.es/data/course/Universidad+Polit%C3%A9cnica+de+Madrid/105000359	http://data.europa.eu/esco/skill/b769f524-0f25-44d7-8538-5c46710a040e	manage digital documents	http://data.europa.eu/esco/skill/f2d57f41-43b4-4f5b-8100-3df5c21eda50	process data	http://data.europa.eu/esco/skill/f632251a-4078-4546-b19f-7ef528d08325	use IT tools
http://ai4labour.linkeddata.es/data/course/Universidad+Polit%C3%A9cnica+de+Madrid/105000360	http://data.europa.eu/esco/skill/98a1dec3-8138-4f46-a596-5e2a83b884b9	business analytics	http://data.europa.eu/esco/skill/6360a934-cc87-4954-9656-b32db20592e3	quantitative analysis		
http://ai4labour.linkeddata.es/data/course/Universidad+Polit%C3%A9cnica+de+Madrid/105000361	http://data.europa.eu/esco/skill/6360a934-cc87-4954-9656-b32db20592e3	quantitative analysis	http://data.europa.eu/esco/skill/54924a2c-daca-40d3-9716-4b38ceb04f38	algorithms	http://data.europa.eu/esco/skill/f632251a-4078-4546-b19f-7ef528d08325	use IT tools
http://ai4labour.linkeddata.es/data/course/Universidad+Polit%C3%A9cnica+de+Madrid/105000363	http://data.europa.eu/esco/skill/77bf865e-6360-424f-9d77-ce03918c7dcf	design circuit boards	http://data.europa.eu/esco/skill/0823ccef-813f-4f22-afef-ac0d68615e8f	computer simulation	http://data.europa.eu/esco/skill/a9b68e58-766a-403d-b5fe-955b57bdad1b	operate electronic measuring instruments
http://ai4labour.linkeddata.es/data/course/Universidad+Polit%C3%A9cnica+de+Madrid/105000364	http://data.europa.eu/esco/skill/7b5cce4d-c7fe-4119-b48f-70aa05391787	computer science				
http://ai4labour.linkeddata.es/data/course/Universidad+Polit%C3%A9cnica+de+Madrid/105000365	http://data.europa.eu/esco/skill/54924a2c-daca-40d3-9716-4b38ceb04f38	algorithms	http://data.europa.eu/esco/skill/19a8293b-8e95-4de3-983f-77484079c389	Java (computer programming)	http://data.europa.eu/esco/skill/8b94aa1e-89c9-459d-b3b4-1dfab8dec2df	use software libraries
http://ai4labour.linkeddata.es/data/course/Universidad+Polit%C3%A9cnica+de+Madrid/105000366	http://data.europa.eu/esco/skill/382c11ed-20d5-4ae7-b60e-15fec527fa6c	apply statistical analysis techniques	http://data.europa.eu/esco/skill/2b92a5b2-6758-4ee3-9fb4-b6387a55cc8f	perform data analysis	http://data.europa.eu/esco/skill/c95c29fe-3971-46b7-80e9-1f7e75ba99b3	use specific data analysis software
http://ai4labour.linkeddata.es/data/course/Universidad+Polit%C3%A9cnica+de+Madrid/105000367	http://data.europa.eu/esco/skill/6360a934-cc87-4954-9656-b32db20592e3	quantitative analysis	http://data.europa.eu/esco/skill/db77825e-0f3e-47d0-abdb-356794484272	use mathematical tools and equipment	http://data.europa.eu/esco/skill/f28617ad-afdd-4041-814c-216153a38998	analyse software specifications
http://ai4labour.linkeddata.es/data/course/Universidad+Polit%C3%A9cnica+de+Madrid/105000368	http://data.europa.eu/esco/skill/11c56452-fcec-4b00-9695-cca4728e5048	marketing analytics	http://data.europa.eu/esco/skill/98a1dec3-8138-4f46-a596-5e2a83b884b9	business analytics	http://data.europa.eu/esco/skill/9889b795-d755-41b2-8afd-2e3c87a65a38	use customer relationship management software
http://ai4labour.linkeddata.es/data/course/Universidad+Polit%C3%A9cnica+de+Madrid/105000369	http://data.europa.eu/esco/skill/397da142-ab35-48fe-b154-7c38f447adfb	digital systems	http://data.europa.eu/esco/skill/95c35c3a-035f-47c2-90cf-7e934d20fc08	electronics	http://data.europa.eu/esco/skill/0823ccef-813f-4f22-afef-ac0d68615e8f	computer simulation
http://ai4labour.linkeddata.es/data/course/Universidad+Polit%C3%A9cnica+de+Madrid/105000370	http://data.europa.eu/esco/skill/29fb0fb5-dfc4-4098-ac9b-3a712000f48f	manage database	http://data.europa.eu/esco/skill/598de5b0-5b58-4ea7-8058-a4bc4d18c742	SQL	http://data.europa.eu/esco/skill/ec85cc63-4e24-4631-bf92-8789db2605c0	maintain database security
http://ai4labour.linkeddata.es/data/course/Universidad+Polit%C3%A9cnica+de+Madrid/105000371	http://data.europa.eu/esco/skill/0f9958d2-f700-4f62-b90b-a5873cb5ae4c	systems thinking	http://data.europa.eu/esco/skill/94dd823c-148e-4614-a6e8-99249b16357d	ICT project management	http://data.europa.eu/esco/skill/98a1dec3-8138-4f46-a596-5e2a83b884b9	business analytics
http://ai4labour.linkeddata.es/data/course/Universidad+Polit%C3%A9cnica+de+Madrid/105000372	http://data.europa.eu/esco/skill/19a8293b-8e95-4de3-983f-77484079c389	Java (computer programming)				
http://ai4labour.linkeddata.es/data/course/Universidad+Polit%C3%A9cnica+de+Madrid/105000373	http://data.europa.eu/esco/skill/03ff0d53-573a-47a0-a0ad-1995815a4339	information structure	http://data.europa.eu/esco/skill/382c11ed-20d5-4ae7-b60e-15fec527fa6c	apply statistical analysis techniques		
http://ai4labour.linkeddata.es/data/course/Universidad+Polit%C3%A9cnica+de+Madrid/105000374	http://data.europa.eu/esco/skill/2b92a5b2-6758-4ee3-9fb4-b6387a55cc8f	perform data analysis	http://data.europa.eu/esco/skill/6360a934-cc87-4954-9656-b32db20592e3	quantitative analysis	http://data.europa.eu/esco/skill/c95c29fe-3971-46b7-80e9-1f7e75ba99b3	use specific data analysis software
http://ai4labour.linkeddata.es/data/course/Universidad+Polit%C3%A9cnica+de+Madrid/105000375	http://data.europa.eu/esco/skill/57231a22-4da7-49c8-97b8-75672feadf1e	manage quantitative data	http://data.europa.eu/esco/skill/4463a721-69f3-413d-8321-43e3af13a4f1	use databases	http://data.europa.eu/esco/skill/f2d57f41-43b4-4f5b-8100-3df5c21eda50	process data
http://ai4labour.linkeddata.es/data/course/Universidad+Polit%C3%A9cnica+de+Madrid/105000379	http://data.europa.eu/esco/skill/54924a2c-daca-40d3-9716-4b38ceb04f38	algorithms	http://data.europa.eu/esco/skill/5b26f08b-88bc-45f0-b901-530d7786466b	scientific computing	http://data.europa.eu/esco/skill/c3a03c5a-c260-4c26-9b9a-873abb396f4d	MATLAB
http://ai4labour.linkeddata.es/data/course/Universidad+Polit%C3%A9cnica+de+Madrid/105000380	http://data.europa.eu/esco/skill/6360a934-cc87-4954-9656-b32db20592e3	quantitative analysis	http://data.europa.eu/esco/skill/3ce1fe19-7f9e-4070-941d-651673a5693b	decision support systems		
http://ai4labour.linkeddata.es/data/course/Universidad+Polit%C3%A9cnica+de+Madrid/105000381	http://data.europa.eu/esco/skill/21d2f96d-35f7-4e3f-9745-c533d2dd6e97	computer programming	http://data.europa.eu/esco/skill/47b9bbcf-356c-4782-83a4-7f5a1b2b51a3	Assembly (computer programming)	http://data.europa.eu/esco/skill/f2741507-c5f7-45b6-8bcd-8d0d27650d68	explain characteristics of computer peripheral equipment
http://ai4labour.linkeddata.es/data/course/Universidad+Polit%C3%A9cnica+de+Madrid/105000382	http://data.europa.eu/esco/skill/11c56452-fcec-4b00-9695-cca4728e5048	marketing analytics	http://data.europa.eu/esco/skill/2b92a5b2-6758-4ee3-9fb4-b6387a55cc8f	perform data analysis	http://data.europa.eu/esco/skill/98a1dec3-8138-4f46-a596-5e2a83b884b9	business analytics
http://ai4labour.linkeddata.es/data/course/Universidad+Polit%C3%A9cnica+de+Madrid/105000383	http://data.europa.eu/esco/skill/7b5cce4d-c7fe-4119-b48f-70aa05391787	computer science	http://data.europa.eu/esco/skill/54924a2c-daca-40d3-9716-4b38ceb04f38	algorithms	http://data.europa.eu/esco/skill/a056851d-4a8b-4007-b0f6-8224ca1ec1c2	computational linguistics
http://ai4labour.linkeddata.es/data/course/Universidad+Polit%C3%A9cnica+de+Madrid/105000384	http://data.europa.eu/esco/skill/54924a2c-daca-40d3-9716-4b38ceb04f38	algorithms	http://data.europa.eu/esco/skill/db77825e-0f3e-47d0-abdb-356794484272	use mathematical tools and equipment	http://data.europa.eu/esco/skill/bf4d884f-c848-402a-b130-69c266b04164	apply basic programming skills
http://ai4labour.linkeddata.es/data/course/Universidad+Polit%C3%A9cnica+de+Madrid/105000385	http://data.europa.eu/esco/skill/f4a6e9f7-5cff-46c0-894c-59c20bb78694	automation technology				
http://ai4labour.linkeddata.es/data/course/Universidad+Polit%C3%A9cnica+de+Madrid/105000386	http://data.europa.eu/esco/skill/1973c966-f236-40c9-b2d4-5d71a89019be	use spreadsheets software	http://data.europa.eu/esco/skill/f2d57f41-43b4-4f5b-8100-3df5c21eda50	process data	http://data.europa.eu/esco/skill/f632251a-4078-4546-b19f-7ef528d08325	use IT tools
http://ai4labour.linkeddata.es/data/course/Universidad+Polit%C3%A9cnica+de+Madrid/105000387	http://data.europa.eu/esco/skill/e043aeeb-78f5-4049-afbf-12bba52225bc	hardware architectures	http://data.europa.eu/esco/skill/8a211052-4bec-49c2-9b4e-7914c37d21b4	microprocessors	http://data.europa.eu/esco/skill/47b9bbcf-356c-4782-83a4-7f5a1b2b51a3	Assembly (computer programming)
http://ai4labour.linkeddata.es/data/course/Universidad+Polit%C3%A9cnica+de+Madrid/105000388	http://data.europa.eu/esco/skill/5475343c-5e75-415f-b431-17f3c20a347e	use production planning software	http://data.europa.eu/esco/skill/b3a75400-103f-42c7-b742-be11d161d05b	manage production systems	http://data.europa.eu/esco/skill/da6393d5-a53c-4863-abc7-51f36281d74e	lean project management
http://ai4labour.linkeddata.es/data/course/Universidad+Polit%C3%A9cnica+de+Madrid/105000389	http://data.europa.eu/esco/skill/062320e5-79d1-45e8-8b7e-5deeb53279a2	perform online data analysis	http://data.europa.eu/esco/skill/382c11ed-20d5-4ae7-b60e-15fec527fa6c	apply statistical analysis techniques	http://data.europa.eu/esco/skill/6360a934-cc87-4954-9656-b32db20592e3	quantitative analysis
http://ai4labour.linkeddata.es/data/course/Universidad+Polit%C3%A9cnica+de+Madrid/105000390	http://data.europa.eu/esco/skill/d56358e4-3bcc-4b5d-981d-ea15b2743e9e	quality control systems	http://data.europa.eu/esco/skill/fafe0b9d-dbd9-46bd-b770-26299539ce66	ICT process quality models	http://data.europa.eu/esco/skill/9ff9db9d-d14b-426e-83f3-e7449af6c79f	manage data
http://ai4labour.linkeddata.es/data/course/Universidad+Polit%C3%A9cnica+de+Madrid/105000391	http://data.europa.eu/esco/skill/8ff015a0-98ea-4d80-a23e-1f68110a919e	software design methodologies	http://data.europa.eu/esco/skill/7193cb6d-8334-494f-86e5-21e6d03a47c3	unified modelling language	http://data.europa.eu/esco/skill/2450c3b3-e78e-435b-b84d-e05d984e71dc	software architecture models
http://ai4labour.linkeddata.es/data/course/Universidad+Polit%C3%A9cnica+de+Madrid/105000392						
http://ai4labour.linkeddata.es/data/course/Universidad+Polit%C3%A9cnica+de+Madrid/105000393	http://data.europa.eu/esco/skill/8088750d-8388-4170-a76f-48354c469c44	cyber security	http://data.europa.eu/esco/skill/f0163b63-6794-4eb7-b17b-f91d11b2602d	implement cryptographic constructs	http://data.europa.eu/esco/skill/fe1c2b32-7fe9-4668-affa-07ff658a68cf	identify ICT security risks
http://ai4labour.linkeddata.es/data/course/Universidad+Polit%C3%A9cnica+de+Madrid/105000405	http://data.europa.eu/esco/skill/07e6bc9f-9c98-44ae-a7a3-5266caa393e1	calculate costs of repair operations	http://data.europa.eu/esco/skill/6360a934-cc87-4954-9656-b32db20592e3	quantitative analysis	http://data.europa.eu/esco/skill/9ce7c497-a019-435b-90ca-27b6889c2cb9	estimate costs of installing telecommunication devices
http://ai4labour.linkeddata.es/data/course/Universidad+Polit%C3%A9cnica+de+Madrid/105000406	http://data.europa.eu/esco/skill/143769cb-b61e-47d8-a61e-eedfbec1016c	business intelligence	http://data.europa.eu/esco/skill/3ce1fe19-7f9e-4070-941d-651673a5693b	decision support systems	http://data.europa.eu/esco/skill/98a1dec3-8138-4f46-a596-5e2a83b884b9	business analytics
http://ai4labour.linkeddata.es/data/course/Universidad+Polit%C3%A9cnica+de+Madrid/105000407	http://data.europa.eu/esco/skill/03ff0d53-573a-47a0-a0ad-1995815a4339	information structure	http://data.europa.eu/esco/skill/47a49cd6-097d-457a-9f7b-c290c14930d5	analyse big data	http://data.europa.eu/esco/skill/6360a934-cc87-4954-9656-b32db20592e3	quantitative analysis
http://ai4labour.linkeddata.es/data/course/Universidad+Polit%C3%A9cnica+de+Madrid/105000408	http://data.europa.eu/esco/skill/03a74eee-2dc6-4147-8667-5cdeb65f122d	manage ICT data classification	http://data.europa.eu/esco/skill/47a49cd6-097d-457a-9f7b-c290c14930d5	analyse big data	http://data.europa.eu/esco/skill/8327754d-3990-4056-b07e-4faa49cfcd26	innovate in ICT
http://ai4labour.linkeddata.es/data/course/Universidad+Polit%C3%A9cnica+de+Madrid/105000409	http://data.europa.eu/esco/skill/5608d5a0-6d5e-43b7-be37-616501729bb4	artificial neural networks	http://data.europa.eu/esco/skill/3a2d5b45-56e4-4f5a-a55a-4a4a65afdc43	machine learning	http://data.europa.eu/esco/skill/54924a2c-daca-40d3-9716-4b38ceb04f38	algorithms
http://ai4labour.linkeddata.es/data/course/Universidad+Polit%C3%A9cnica+de+Madrid/105000410	http://data.europa.eu/esco/skill/6f993130-082b-4732-b62f-52cdf2096ad9	use methods of logistical data analysis	http://data.europa.eu/esco/skill/82394321-7f35-4a29-b2fa-4a58f66258f5	simulate transport problems	http://data.europa.eu/esco/skill/89227433-950f-4d9d-b0b0-abc33356ab42	manage computer-based transport operation control systems
http://ai4labour.linkeddata.es/data/course/Universidad+Polit%C3%A9cnica+de+Madrid/105000411	http://data.europa.eu/esco/skill/98a1dec3-8138-4f46-a596-5e2a83b884b9	business analytics	http://data.europa.eu/esco/skill/6360a934-cc87-4954-9656-b32db20592e3	quantitative analysis	http://data.europa.eu/esco/skill/2b92a5b2-6758-4ee3-9fb4-b6387a55cc8f	perform data analysis
http://ai4labour.linkeddata.es/data/course/Universidad+Polit%C3%A9cnica+de+Madrid/105000412	http://data.europa.eu/esco/skill/a056851d-4a8b-4007-b0f6-8224ca1ec1c2	computational linguistics	http://data.europa.eu/esco/skill/fff0e2cd-d0bd-4b02-9daf-158b79d9688a	natural language processing	http://data.europa.eu/esco/skill/54924a2c-daca-40d3-9716-4b38ceb04f38	algorithms
http://ai4labour.linkeddata.es/data/course/Universidad+Polit%C3%A9cnica+de+Madrid/105000413	http://data.europa.eu/esco/skill/f9a6f35b-01a7-40c9-8b61-b6ee46f97272	operating systems	http://data.europa.eu/esco/skill/fae27053-8924-4bfd-b565-c9fe502044c9	system design	http://data.europa.eu/esco/skill/54924a2c-daca-40d3-9716-4b38ceb04f38	algorithms
http://ai4labour.linkeddata.es/data/course/Universidad+Polit%C3%A9cnica+de+Madrid/105000414	http://data.europa.eu/esco/skill/97bd1c21-66b2-4b7e-ad0f-e3cda590e378	data analytics	http://data.europa.eu/esco/skill/7ca5d3c2-2cea-4fac-88e4-f2955c5b705c	use IT systems for commercial purposes	http://data.europa.eu/esco/skill/43dfbe7f-9e10-4871-b171-e5076737b4cf	digital marketing techniques
http://ai4labour.linkeddata.es/data/course/Universidad+Polit%C3%A9cnica+de+Madrid/105000415	http://data.europa.eu/esco/skill/9ff9db9d-d14b-426e-83f3-e7449af6c79f	manage data	http://data.europa.eu/esco/skill/b080a008-a35d-4bd0-92e9-edf3773bb2b7	use communication and collaboration software	http://data.europa.eu/esco/skill/f632251a-4078-4546-b19f-7ef528d08325	use IT tools
http://ai4labour.linkeddata.es/data/course/Universidad+Polit%C3%A9cnica+de+Madrid/105000416	http://data.europa.eu/esco/skill/3ec2e4d6-7000-4905-bf1a-c5b1679416de	data warehouse	http://data.europa.eu/esco/skill/143769cb-b61e-47d8-a61e-eedfbec1016c	business intelligence	http://data.europa.eu/esco/skill/fd6d2981-3d4a-4ce2-9741-cfc98c5b74bd	implement data warehousing techniques
http://ai4labour.linkeddata.es/data/course/Universidad+Polit%C3%A9cnica+de+Madrid/105000418	http://data.europa.eu/esco/skill/fae27053-8924-4bfd-b565-c9fe502044c9	system design				
http://ai4labour.linkeddata.es/data/course/Universidad+Polit%C3%A9cnica+de+Madrid/105000419	http://data.europa.eu/esco/skill/f84a433f-34f1-4083-b0a3-24802623509c	web services				
http://ai4labour.linkeddata.es/data/course/Universidad+Polit%C3%A9cnica+de+Madrid/105000420	http://data.europa.eu/esco/skill/6360a934-cc87-4954-9656-b32db20592e3	quantitative analysis	http://data.europa.eu/esco/skill/382c11ed-20d5-4ae7-b60e-15fec527fa6c	apply statistical analysis techniques	http://data.europa.eu/esco/skill/97bd1c21-66b2-4b7e-ad0f-e3cda590e378	data analytics
http://ai4labour.linkeddata.es/data/course/Universidad+Polit%C3%A9cnica+de+Madrid/105000421	http://data.europa.eu/esco/skill/bee296bc-48f7-4df6-bd2c-8616c8a6c8de	design hardware	http://data.europa.eu/esco/skill/fae27053-8924-4bfd-b565-c9fe502044c9	system design	http://data.europa.eu/esco/skill/f88002a8-6355-4d33-9496-285c166ff375	ICT power consumption
http://ai4labour.linkeddata.es/data/course/Universidad+Polit%C3%A9cnica+de+Madrid/105000428	http://data.europa.eu/esco/skill/98a1dec3-8138-4f46-a596-5e2a83b884b9	business analytics	http://data.europa.eu/esco/skill/eb2ae1c7-ba57-4695-8f29-9dd41c26e01e	develop online sales business plan	http://data.europa.eu/esco/skill/4b3ae518-6746-4487-8d3b-4cfc063a43d0	use business simulation tools
http://ai4labour.linkeddata.es/data/course/Universidad+Polit%C3%A9cnica+de+Madrid/105000429	http://data.europa.eu/esco/skill/d5a59ca8-2e91-472e-8571-d12ce4478679	Process-based management	http://data.europa.eu/esco/skill/fafe0b9d-dbd9-46bd-b770-26299539ce66	ICT process quality models	http://data.europa.eu/esco/skill/fb7aee4d-f6c6-4a87-8e9d-8e542b3771f8	software metrics
http://ai4labour.linkeddata.es/data/course/Universidad+Polit%C3%A9cnica+de+Madrid/105000430	http://data.europa.eu/esco/skill/7f27f1ff-2e17-4b69-990e-c23334478313	assessment of risks and threats	http://data.europa.eu/esco/skill/6360a934-cc87-4954-9656-b32db20592e3	quantitative analysis	http://data.europa.eu/esco/skill/98a1dec3-8138-4f46-a596-5e2a83b884b9	business analytics
http://ai4labour.linkeddata.es/data/course/Universidad+Polit%C3%A9cnica+de+Madrid/105000431	http://data.europa.eu/esco/skill/6a536b36-c5c7-4d10-bf67-a4fb0f8549b2	audit techniques	http://data.europa.eu/esco/skill/d8726a5a-0614-4dc6-ad03-cf5e3b3caaa5	apply ICT terminology	http://data.europa.eu/esco/skill/fe1c2b32-7fe9-4668-affa-07ff658a68cf	identify ICT security risks
http://ai4labour.linkeddata.es/data/course/Universidad+Polit%C3%A9cnica+de+Madrid/105000432	http://data.europa.eu/esco/skill/fe1c2b32-7fe9-4668-affa-07ff658a68cf	identify ICT security risks	http://data.europa.eu/esco/skill/f0163b63-6794-4eb7-b17b-f91d11b2602d	implement cryptographic constructs	http://data.europa.eu/esco/skill/a4346013-a967-4a58-a533-6b32ad1364c5	data protection
http://ai4labour.linkeddata.es/data/course/Universidad+Polit%C3%A9cnica+de+Madrid/105000433						
http://ai4labour.linkeddata.es/data/course/Universidad+Polit%C3%A9cnica+de+Madrid/105000433						
http://ai4labour.linkeddata.es/data/course/Universidad+Polit%C3%A9cnica+de+Madrid/105000434	http://data.europa.eu/esco/skill/9d2e926f-53d9-41f5-98f3-19dfaa687f3f	tools for software configuration management	http://data.europa.eu/esco/skill/94dd823c-148e-4614-a6e8-99249b16357d	ICT project management	http://data.europa.eu/esco/skill/85f46538-ae70-498a-bfbc-b8ddafe96c7d	levels of software testing
http://ai4labour.linkeddata.es/data/course/Universidad+Polit%C3%A9cnica+de+Madrid/105000437	http://data.europa.eu/esco/skill/b080a008-a35d-4bd0-92e9-edf3773bb2b7	use communication and collaboration software	http://data.europa.eu/esco/skill/0a9acb6b-1139-4be9-b431-3a80a959f2f4	Agile project management	http://data.europa.eu/esco/skill/94dd823c-148e-4614-a6e8-99249b16357d	ICT project management
http://ai4labour.linkeddata.es/data/course/Universidad+Polit%C3%A9cnica+de+Madrid/105000437	http://data.europa.eu/esco/skill/b080a008-a35d-4bd0-92e9-edf3773bb2b7	use communication and collaboration software	http://data.europa.eu/esco/skill/9ff9db9d-d14b-426e-83f3-e7449af6c79f	manage data	http://data.europa.eu/esco/skill/94dd823c-148e-4614-a6e8-99249b16357d	ICT project management
http://ai4labour.linkeddata.es/data/course/Universidad+Polit%C3%A9cnica+de+Madrid/105000101	http://data.europa.eu/esco/skill/2c4e11ef-da18-4e19-816b-e6bc19e12424	use logic programming	http://data.europa.eu/esco/skill/7b5cce4d-c7fe-4119-b48f-70aa05391787	computer science	http://data.europa.eu/esco/skill/db77825e-0f3e-47d0-abdb-356794484272	use mathematical tools and equipment
http://ai4labour.linkeddata.es/data/course/Universidad+Polit%C3%A9cnica+de+Madrid/105000102	http://data.europa.eu/esco/skill/db77825e-0f3e-47d0-abdb-356794484272	use mathematical tools and equipment	http://data.europa.eu/esco/skill/54924a2c-daca-40d3-9716-4b38ceb04f38	algorithms	http://data.europa.eu/esco/skill/7b5cce4d-c7fe-4119-b48f-70aa05391787	computer science
http://ai4labour.linkeddata.es/data/course/Universidad+Polit%C3%A9cnica+de+Madrid/105000103	http://data.europa.eu/esco/skill/5b26f08b-88bc-45f0-b901-530d7786466b	scientific computing	http://data.europa.eu/esco/skill/db77825e-0f3e-47d0-abdb-356794484272	use mathematical tools and equipment		
http://ai4labour.linkeddata.es/data/course/Universidad+Polit%C3%A9cnica+de+Madrid/105000104	http://data.europa.eu/esco/skill/382c11ed-20d5-4ae7-b60e-15fec527fa6c	apply statistical analysis techniques				
http://ai4labour.linkeddata.es/data/course/Universidad+Polit%C3%A9cnica+de+Madrid/105000105	http://data.europa.eu/esco/skill/19a8293b-8e95-4de3-983f-77484079c389	Java (computer programming)	http://data.europa.eu/esco/skill/54924a2c-daca-40d3-9716-4b38ceb04f38	algorithms	http://data.europa.eu/esco/skill/5b9cde20-f1b9-4adc-bfb3-dbf70b14138d	use object-oriented programming
http://ai4labour.linkeddata.es/data/course/Universidad+Polit%C3%A9cnica+de+Madrid/105000106	http://data.europa.eu/esco/skill/6360a934-cc87-4954-9656-b32db20592e3	quantitative analysis	http://data.europa.eu/esco/skill/db77825e-0f3e-47d0-abdb-356794484272	use mathematical tools and equipment		
http://ai4labour.linkeddata.es/data/course/Universidad+Polit%C3%A9cnica+de+Madrid/105000107	http://data.europa.eu/esco/skill/54924a2c-daca-40d3-9716-4b38ceb04f38	algorithms	http://data.europa.eu/esco/skill/7b5cce4d-c7fe-4119-b48f-70aa05391787	computer science	http://data.europa.eu/esco/skill/db77825e-0f3e-47d0-abdb-356794484272	use mathematical tools and equipment
http://ai4labour.linkeddata.es/data/course/Universidad+Polit%C3%A9cnica+de+Madrid/105000108	http://data.europa.eu/esco/skill/382c11ed-20d5-4ae7-b60e-15fec527fa6c	apply statistical analysis techniques	http://data.europa.eu/esco/skill/6360a934-cc87-4954-9656-b32db20592e3	quantitative analysis	http://data.europa.eu/esco/skill/fecf8a0d-62c4-4e71-9b03-0f4fc2ad7bf5	data models
http://ai4labour.linkeddata.es/data/course/Universidad+Polit%C3%A9cnica+de+Madrid/105000110	http://data.europa.eu/esco/skill/19a8293b-8e95-4de3-983f-77484079c389	Java (computer programming)	http://data.europa.eu/esco/skill/5b9cde20-f1b9-4adc-bfb3-dbf70b14138d	use object-oriented programming	http://data.europa.eu/esco/skill/54924a2c-daca-40d3-9716-4b38ceb04f38	algorithms
http://ai4labour.linkeddata.es/data/course/Universidad+Polit%C3%A9cnica+de+Madrid/105000111	http://data.europa.eu/esco/skill/21d2f96d-35f7-4e3f-9745-c533d2dd6e97	computer programming	http://data.europa.eu/esco/skill/54924a2c-daca-40d3-9716-4b38ceb04f38	algorithms	http://data.europa.eu/esco/skill/c3a03c5a-c260-4c26-9b9a-873abb396f4d	MATLAB
http://ai4labour.linkeddata.es/data/course/Universidad+Polit%C3%A9cnica+de+Madrid/105000112	http://data.europa.eu/esco/skill/db77825e-0f3e-47d0-abdb-356794484272	use mathematical tools and equipment	http://data.europa.eu/esco/skill/c3a03c5a-c260-4c26-9b9a-873abb396f4d	MATLAB	http://data.europa.eu/esco/skill/ccd0a1d9-afda-43d9-b901-96344886e14d	Python (computer programming)
http://ai4labour.linkeddata.es/data/course/Universidad+Polit%C3%A9cnica+de+Madrid/105000113	http://data.europa.eu/esco/skill/db77825e-0f3e-47d0-abdb-356794484272	use mathematical tools and equipment	http://data.europa.eu/esco/skill/54924a2c-daca-40d3-9716-4b38ceb04f38	algorithms	http://data.europa.eu/esco/skill/5b26f08b-88bc-45f0-b901-530d7786466b	scientific computing
http://ai4labour.linkeddata.es/data/course/Universidad+Polit%C3%A9cnica+de+Madrid/105000115	http://data.europa.eu/esco/skill/7b5cce4d-c7fe-4119-b48f-70aa05391787	computer science	http://data.europa.eu/esco/skill/54924a2c-daca-40d3-9716-4b38ceb04f38	algorithms	http://data.europa.eu/esco/skill/697dcc9f-ae92-4506-b5f2-e770d7589f74	utilise regular expressions
http://ai4labour.linkeddata.es/data/course/Universidad+Polit%C3%A9cnica+de+Madrid/105000116	http://data.europa.eu/esco/skill/382c11ed-20d5-4ae7-b60e-15fec527fa6c	apply statistical analysis techniques				
http://ai4labour.linkeddata.es/data/course/Universidad+Polit%C3%A9cnica+de+Madrid/105000117	http://data.europa.eu/esco/skill/2b92a5b2-6758-4ee3-9fb4-b6387a55cc8f	perform data analysis	http://data.europa.eu/esco/skill/5b26f08b-88bc-45f0-b901-530d7786466b	scientific computing	http://data.europa.eu/esco/skill/54924a2c-daca-40d3-9716-4b38ceb04f38	algorithms
http://ai4labour.linkeddata.es/data/course/Universidad+Polit%C3%A9cnica+de+Madrid/105000118	http://data.europa.eu/esco/skill/2b92a5b2-6758-4ee3-9fb4-b6387a55cc8f	perform data analysis	http://data.europa.eu/esco/skill/6360a934-cc87-4954-9656-b32db20592e3	quantitative analysis		
http://ai4labour.linkeddata.es/data/course/Universidad+Polit%C3%A9cnica+de+Madrid/105000119	http://data.europa.eu/esco/skill/f4a6e9f7-5cff-46c0-894c-59c20bb78694	automation technology				
http://ai4labour.linkeddata.es/data/course/Universidad+Polit%C3%A9cnica+de+Madrid/105000120	http://data.europa.eu/esco/skill/89f6560b-2194-45c9-9ece-d33049a73eef	computer engineering	http://data.europa.eu/esco/skill/8a211052-4bec-49c2-9b4e-7914c37d21b4	microprocessors	http://data.europa.eu/esco/skill/47b9bbcf-356c-4782-83a4-7f5a1b2b51a3	Assembly (computer programming)
http://ai4labour.linkeddata.es/data/course/Universidad+Polit%C3%A9cnica+de+Madrid/105000121	http://data.europa.eu/esco/skill/598de5b0-5b58-4ea7-8058-a4bc4d18c742	SQL	http://data.europa.eu/esco/skill/ec85cc63-4e24-4631-bf92-8789db2605c0	maintain database security		
http://ai4labour.linkeddata.es/data/course/Universidad+Polit%C3%A9cnica+de+Madrid/105000122	http://data.europa.eu/esco/skill/db77825e-0f3e-47d0-abdb-356794484272	use mathematical tools and equipment	http://data.europa.eu/esco/skill/6360a934-cc87-4954-9656-b32db20592e3	quantitative analysis	http://data.europa.eu/esco/skill/c3a03c5a-c260-4c26-9b9a-873abb396f4d	MATLAB
http://ai4labour.linkeddata.es/data/course/Universidad+Polit%C3%A9cnica+de+Madrid/105000123	http://data.europa.eu/esco/skill/5b26f08b-88bc-45f0-b901-530d7786466b	scientific computing	http://data.europa.eu/esco/skill/c3a03c5a-c260-4c26-9b9a-873abb396f4d	MATLAB	http://data.europa.eu/esco/skill/db77825e-0f3e-47d0-abdb-356794484272	use mathematical tools and equipment
http://ai4labour.linkeddata.es/data/course/Universidad+Polit%C3%A9cnica+de+Madrid/105000124	http://data.europa.eu/esco/skill/3ce1fe19-7f9e-4070-941d-651673a5693b	decision support systems	http://data.europa.eu/esco/skill/54924a2c-daca-40d3-9716-4b38ceb04f38	algorithms	http://data.europa.eu/esco/skill/6360a934-cc87-4954-9656-b32db20592e3	quantitative analysis
http://ai4labour.linkeddata.es/data/course/Universidad+Polit%C3%A9cnica+de+Madrid/105000125	http://data.europa.eu/esco/skill/25b291b5-8245-4d9d-b391-86a8a31d7109	use concurrent programming	http://data.europa.eu/esco/skill/19a8293b-8e95-4de3-983f-77484079c389	Java (computer programming)		
http://ai4labour.linkeddata.es/data/course/Universidad+Polit%C3%A9cnica+de+Madrid/105000126	http://data.europa.eu/esco/skill/21d2f96d-35f7-4e3f-9745-c533d2dd6e97	computer programming				
http://ai4labour.linkeddata.es/data/course/Universidad+Polit%C3%A9cnica+de+Madrid/105000127	http://data.europa.eu/esco/skill/f9a6f35b-01a7-40c9-8b61-b6ee46f97272	operating systems	http://data.europa.eu/esco/skill/fae27053-8924-4bfd-b565-c9fe502044c9	system design	http://data.europa.eu/esco/skill/54924a2c-daca-40d3-9716-4b38ceb04f38	algorithms
http://ai4labour.linkeddata.es/data/course/Universidad+Polit%C3%A9cnica+de+Madrid/105000128	http://data.europa.eu/esco/skill/db77825e-0f3e-47d0-abdb-356794484272	use mathematical tools and equipment				
http://ai4labour.linkeddata.es/data/course/Universidad+Polit%C3%A9cnica+de+Madrid/105000129	http://data.europa.eu/esco/skill/0823ccef-813f-4f22-afef-ac0d68615e8f	computer simulation	http://data.europa.eu/esco/skill/2b92a5b2-6758-4ee3-9fb4-b6387a55cc8f	perform data analysis	http://data.europa.eu/esco/skill/54924a2c-daca-40d3-9716-4b38ceb04f38	algorithms
http://ai4labour.linkeddata.es/data/course/Universidad+Polit%C3%A9cnica+de+Madrid/105000130	http://data.europa.eu/esco/skill/a056851d-4a8b-4007-b0f6-8224ca1ec1c2	computational linguistics	http://data.europa.eu/esco/skill/fff0e2cd-d0bd-4b02-9daf-158b79d9688a	natural language processing	http://data.europa.eu/esco/skill/21d2f96d-35f7-4e3f-9745-c533d2dd6e97	computer programming
http://ai4labour.linkeddata.es/data/course/Universidad+Polit%C3%A9cnica+de+Madrid/105000131	http://data.europa.eu/esco/skill/dba46f87-0831-49cd-a1c7-340a653c0221	Agile development	http://data.europa.eu/esco/skill/94dd823c-148e-4614-a6e8-99249b16357d	ICT project management	http://data.europa.eu/esco/skill/fd33c66c-70c4-40e6-b87c-5495bd3bf26e	design user interface
http://ai4labour.linkeddata.es/data/course/Universidad+Polit%C3%A9cnica+de+Madrid/105000132	http://data.europa.eu/esco/skill/2c4e11ef-da18-4e19-816b-e6bc19e12424	use logic programming				
http://ai4labour.linkeddata.es/data/course/Universidad+Polit%C3%A9cnica+de+Madrid/105000133	http://data.europa.eu/esco/skill/5608d5a0-6d5e-43b7-be37-616501729bb4	artificial neural networks	http://data.europa.eu/esco/skill/54924a2c-daca-40d3-9716-4b38ceb04f38	algorithms	http://data.europa.eu/esco/skill/e465a154-93f7-4973-9ce1-31659fe16dd2	principles of artificial intelligence
http://ai4labour.linkeddata.es/data/course/Universidad+Polit%C3%A9cnica+de+Madrid/105000134	http://data.europa.eu/esco/skill/4fea6307-bdc0-423d-ad63-c61755c14522	carry out bibliographic work	http://data.europa.eu/esco/skill/b080a008-a35d-4bd0-92e9-edf3773bb2b7	use communication and collaboration software	http://data.europa.eu/esco/skill/81633a44-f1db-4a01-a940-804c6905e330	use word processing software
http://ai4labour.linkeddata.es/data/course/Universidad+Polit%C3%A9cnica+de+Madrid/105000134	http://data.europa.eu/esco/skill/4fea6307-bdc0-423d-ad63-c61755c14522	carry out bibliographic work	http://data.europa.eu/esco/skill/b080a008-a35d-4bd0-92e9-edf3773bb2b7	use communication and collaboration software	http://data.europa.eu/esco/skill/81633a44-f1db-4a01-a940-804c6905e330	use word processing software
http://ai4labour.linkeddata.es/data/course/Universidad+Polit%C3%A9cnica+de+Madrid/105000142	http://data.europa.eu/esco/skill/db77825e-0f3e-47d0-abdb-356794484272	use mathematical tools and equipment	http://data.europa.eu/esco/skill/14832d87-2f2f-4895-b290-e4760ebae42a	solve technical problems	http://data.europa.eu/esco/skill/6360a934-cc87-4954-9656-b32db20592e3	quantitative analysis
http://ai4labour.linkeddata.es/data/course/Universidad+Polit%C3%A9cnica+de+Madrid/105000144	http://data.europa.eu/esco/skill/97bd1c21-66b2-4b7e-ad0f-e3cda590e378	data analytics	http://data.europa.eu/esco/skill/25f0ea33-b4a2-4f31-b7b4-7d20e827b180	data mining	http://data.europa.eu/esco/skill/382c11ed-20d5-4ae7-b60e-15fec527fa6c	apply statistical analysis techniques
http://ai4labour.linkeddata.es/data/course/Universidad+Polit%C3%A9cnica+de+Madrid/105000153	http://data.europa.eu/esco/skill/0a099c81-6a0c-4f00-bb3b-990d23ec03a5	manage ICT change request process	http://data.europa.eu/esco/skill/94dd823c-148e-4614-a6e8-99249b16357d	ICT project management	http://data.europa.eu/esco/skill/b080a008-a35d-4bd0-92e9-edf3773bb2b7	use communication and collaboration software
http://ai4labour.linkeddata.es/data/course/Universidad+Polit%C3%A9cnica+de+Madrid/105000153	http://data.europa.eu/esco/skill/0a099c81-6a0c-4f00-bb3b-990d23ec03a5	manage ICT change request process	http://data.europa.eu/esco/skill/94dd823c-148e-4614-a6e8-99249b16357d	ICT project management	http://data.europa.eu/esco/skill/b080a008-a35d-4bd0-92e9-edf3773bb2b7	use communication and collaboration software
http://ai4labour.linkeddata.es/data/course/Universidad+Polit%C3%A9cnica+de+Madrid/105000157	http://data.europa.eu/esco/skill/54924a2c-daca-40d3-9716-4b38ceb04f38	algorithms	http://data.europa.eu/esco/skill/8b94aa1e-89c9-459d-b3b4-1dfab8dec2df	use software libraries	http://data.europa.eu/esco/skill/19a8293b-8e95-4de3-983f-77484079c389	Java (computer programming)
http://ai4labour.linkeddata.es/data/course/Universidad+Polit%C3%A9cnica+de+Madrid/105000158	http://data.europa.eu/esco/skill/02058de6-4b98-449f-8a45-8588b0eb2446	network engineering	http://data.europa.eu/esco/skill/0da6cab1-0ee9-4391-a299-f71fbf21db56	ICT network routing	http://data.europa.eu/esco/skill/f6424ebb-8401-446b-9f7e-10d7c854da02	ICT network simulation
http://ai4labour.linkeddata.es/data/course/Universidad+Polit%C3%A9cnica+de+Madrid/105000160	http://data.europa.eu/esco/skill/fff0e2cd-d0bd-4b02-9daf-158b79d9688a	natural language processing	http://data.europa.eu/esco/skill/a056851d-4a8b-4007-b0f6-8224ca1ec1c2	computational linguistics	http://data.europa.eu/esco/skill/32a2c63d-2d13-4784-abb8-678ef2cd8a46	machine translation
http://ai4labour.linkeddata.es/data/course/Universidad+Polit%C3%A9cnica+de+Madrid/105000161	http://data.europa.eu/esco/skill/0823ccef-813f-4f22-afef-ac0d68615e8f	computer simulation	http://data.europa.eu/esco/skill/5b26f08b-88bc-45f0-b901-530d7786466b	scientific computing	http://data.europa.eu/esco/skill/c3a03c5a-c260-4c26-9b9a-873abb396f4d	MATLAB
http://ai4labour.linkeddata.es/data/course/Universidad+Polit%C3%A9cnica+de+Madrid/105000346	http://data.europa.eu/esco/skill/89839842-a111-411f-b64a-94354d6118e0	quantum technology	http://data.europa.eu/esco/skill/7b5cce4d-c7fe-4119-b48f-70aa05391787	computer science		
http://ai4labour.linkeddata.es/data/course/Universidad+Polit%C3%A9cnica+de+Madrid/105000376	http://data.europa.eu/esco/skill/9136cbf1-7916-4f1c-bc9a-0318ee1d6016	human-computer interaction	http://data.europa.eu/esco/skill/fd33c66c-70c4-40e6-b87c-5495bd3bf26e	design user interface	http://data.europa.eu/esco/skill/be0ff6d8-5e61-4021-9c89-e40cf0b75cc6	measure software usability
http://ai4labour.linkeddata.es/data/course/Universidad+Polit%C3%A9cnica+de+Madrid/105000377	http://data.europa.eu/esco/skill/dba46f87-0831-49cd-a1c7-340a653c0221	Agile development	http://data.europa.eu/esco/skill/9d2e926f-53d9-41f5-98f3-19dfaa687f3f	tools for software configuration management		
http://ai4labour.linkeddata.es/data/course/Universidad+Polit%C3%A9cnica+de+Madrid/105000378	http://data.europa.eu/esco/skill/98a1dec3-8138-4f46-a596-5e2a83b884b9	business analytics	http://data.europa.eu/esco/skill/42fcf80d-7b45-40f3-bd2f-5411c4c0dfa0	identify technological needs	http://data.europa.eu/esco/skill/0a9acb6b-1139-4be9-b431-3a80a959f2f4	Agile project management
http://ai4labour.linkeddata.es/data/course/Universidad+Polit%C3%A9cnica+de+Madrid/105000445	http://data.europa.eu/esco/skill/edebd83d-35f6-4ed5-a940-6c203d178c01	data science	http://data.europa.eu/esco/skill/47a49cd6-097d-457a-9f7b-c290c14930d5	analyse big data	http://data.europa.eu/esco/skill/db77825e-0f3e-47d0-abdb-356794484272	use mathematical tools and equipment
http://ai4labour.linkeddata.es/data/course/Universidad+Polit%C3%A9cnica+de+Madrid/105000450	http://data.europa.eu/esco/skill/cfa2be0d-96d5-4017-a866-962efb9c5070	signal processing	http://data.europa.eu/esco/skill/54924a2c-daca-40d3-9716-4b38ceb04f38	algorithms	http://data.europa.eu/esco/skill/945b8655-5577-4c3a-946a-842d4527afa8	digital image processing
http://ai4labour.linkeddata.es/data/course/Universidad+Polit%C3%A9cnica+de+Madrid/105000455	http://data.europa.eu/esco/skill/54924a2c-daca-40d3-9716-4b38ceb04f38	algorithms	http://data.europa.eu/esco/skill/db77825e-0f3e-47d0-abdb-356794484272	use mathematical tools and equipment	http://data.europa.eu/esco/skill/25df422a-bf0a-4f76-8631-d0be91cb8751	model based system engineering
